Kingdom,Phylum,Class,Order,Family,Genus,Species,Strain,screen_reads.fastq
Bacteria,Bacteroidota,Flavobacteriia,Flavobacteriales,Weeksellaceae,Weeksella,Weeksella_virosa,NCTC11634,0.155165624380587
Bacteria,Mycoplasmatota,Mollicutes,Acholeplasmatales,Acholeplasmataceae,Candidatus_Phytoplasma,Candidatus_Phytoplasma_australasiaticum,o7C,0.08029714579246298
Bacteria,Bacillota,Bacilli,Lactobacillales,Streptococcaceae,Streptococcus,Streptococcus_infantarius,NCTC13760,0.6231553230274794
Bacteria,Bacillota,Bacilli,Caryophanales,Caryophanaceae,Kurthia,Kurthia_senegalensis,type_strain:_JC8E,0.04897071820898206
Bacteria,Bacillota,Bacilli,Lactobacillales,Lactobacillaceae,Companilactobacillus,Companilactobacillus_heilongjiangensis,S4-3,0.19489312425679545
Bacteria,Pseudomonadota,Gammaproteobacteria,Methylococcales,Methylococcaceae,Methylotuvimicrobium,Methylotuvimicrobium_alcaliphilum,20Z,0.1357481929554977
Bacteria,Cyanobacteriota,Cyanophyceae,Pleurocapsales,Dermocarpellaceae,Stanieria,Stanieria_cyanosphaera,PCC_7437,1.1250933953140803
Bacteria,Bacillota,Bacilli,Lactobacillales,Enterococcaceae,Enterococcus,Enterococcus_columbae,DSM_7374,0.4045916268580727
Bacteria,Bacillota,Bacilli,Lactobacillales,Lactobacillaceae,Oenococcus,Oenococcus_oeni,DSM_20252,0.05222205207507995
Bacteria,Bacteroidota,Bacteroidia,Bacteroidales,Porphyromonadaceae,Porphyromonas,Porphyromonas_somerae,DSM_23386,0.021166535637032434
Bacteria,Pseudomonadota,Alphaproteobacteria,Hyphomicrobiales,Stappiaceae,Stappia,Stappia_stellulata,DSM_5886,0.15826665242882212
Bacteria,Actinomycetota,Actinomycetes,Kitasatosporales,Streptomycetaceae,Streptomyces,Streptomyces_pratensis,DSM_105114,3.8752320594886847
Bacteria,Cyanobacteriota,Cyanophyceae,Gomontiellales,Chamaesiphonaceae,Chamaesiphon,Chamaesiphon_minutus,PCC_6605,0.006548121595643235
Bacteria,Pseudomonadota,Alphaproteobacteria,Hyphomicrobiales,Methylobacteriaceae,Methylobacterium,Methylobacterium_haplocladii,DSM_24195,0.013305083635188899
Bacteria,Pseudomonadota,Alphaproteobacteria,Hyphomicrobiales,Methylobacteriaceae,Methylobacterium,Methylobacterium_brachythecii,DSM_24105,0.2547786732222688
Bacteria,Cyanobacteriota,Cyanophyceae,Gloeobacterales,Gloeobacteraceae,Gloeobacter,Gloeobacter_kilaueensis,JS1,0.10002175844341865
Bacteria,Bacillota,Bacilli,Caryophanales,Paenibacillaceae,Paenibacillus,Paenibacillus_glycanilyticus,NBRC_16618,0.6336001758791409
Bacteria,Pseudomonadota,Alphaproteobacteria,Hyphomicrobiales,unclassified_Hyphomicrobiales_family,Pseudorhodoplanes,Pseudorhodoplanes_sinuspersici,RIPI110,0.08981110757659058
Bacteria,Bacillota,Bacilli,Caryophanales,Paenibacillaceae,Cohnella,Cohnella_lupini,CECT_8236,0.09044018325158948
Bacteria,Bacteroidota,Cytophagia,Cytophagales,Cyclobacteriaceae,Cyclobacterium,Cyclobacterium_xiamenense,CGMCC_112432,0.264154188819887
Bacteria,Bacillota,Bacilli,Lactobacillales,Streptococcaceae,Streptococcus,Streptococcus_acidominimus,NCTC12957,0.01465153692652946
Bacteria,Pseudomonadota,Alphaproteobacteria,Hyphomicrobiales,Nitrobacteraceae,Variibacter,Variibacter_gotjawalensis,GJW-30,0.15266567250968593
Bacteria,Pseudomonadota,Gammaproteobacteria,Oceanospirillales,Halomonadaceae,Carnimonas,Carnimonas_nigrificans,ATCC_BAA-78,0.29617091473054324
Bacteria,Bacillota,Bacilli,Lactobacillales,Streptococcaceae,Streptococcus,Streptococcus_saliviloxodontae,DSM_27513,0.17245001719063732
Bacteria,Actinomycetota,Actinomycetes,Micrococcales,Microbacteriaceae,Canibacter,Canibacter_oris,DSM_27064,0.48152577192826457
Bacteria,Pseudomonadota,Alphaproteobacteria,Hyphomicrobiales,Rhizobiaceae,Rhizobium,Rhizobium_rosettiformans,CCM_7583,0.018553793304719117
Bacteria,Chloroflexota,Ktedonobacteria,Thermogemmatisporales,Thermogemmatisporaceae,Thermogemmatispora,Thermogemmatispora_carboxidivorans,PM5,0.022796648618257784
Bacteria,Thermomicrobiota,Thermomicrobia,unclassified_Thermomicrobia_order,unclassified_Thermomicrobia_family,Thermorudis,Thermorudis_peleae,KI4,0.0033184877579789367
Bacteria,Bacillota,Bacilli,Caryophanales,unclassified_Caryophanales_family,Exiguobacterium,Exiguobacterium_acetylicum,DSM_20416,2.8377415433228026
Bacteria,Bacillota,Bacilli,Caryophanales,unclassified_Caryophanales_family,Exiguobacterium,Exiguobacterium_oxidotolerans,JCM_12280,1.391353976487748
Bacteria,Bacillota,Bacilli,Lactobacillales,Aerococcaceae,Hutsoniella,Hutsoniella_sourekii,ATCC_700629,0.18281732638695494
Bacteria,Candidatus_Fervidibacterota,Fervidibacteria,Fervidibacterales,Fervidibacteraceae,Fervidibacter,Fervidibacter_sacchari,PD1,0.19859964670766544
Bacteria,Bacillota,Bacilli,Lactobacillales,Streptococcaceae,Streptococcus,Streptococcus_equi,NCTC9682,0.1569104367111647
Bacteria,Pseudomonadota,Betaproteobacteria,Burkholderiales,Sutterellaceae,Dakarella,Dakarella_massiliensis,ND3,0.1565190919553934
Bacteria,Pseudomonadota,Gammaproteobacteria,Alteromonadales,Alteromonadaceae,Catenovulum,Catenovulum_maritimum,Q1,0.032295288994250666
Bacteria,Bacteroidota,Saprospiria,Saprospirales,Lewinellaceae,Neolewinella,Neolewinella_xylanilytica,DSM_29526,0.11753201012930978
Bacteria,Bacillota,Clostridia,Neomoorellales,Neomoorellaceae,Neomoorella,Neomoorella_thermoacetica,DSM_521,0.10709280180948738
Bacteria,Campylobacterota,Epsilonproteobacteria,Campylobacterales,Helicobacteraceae,Helicobacter,Helicobacter_saguini,MIT_97-6194,0.043118847898518796
Bacteria,Actinomycetota,Actinomycetes,Kitasatosporales,Streptomycetaceae,Streptomyces,Streptomyces_xiaopingdaonensis,DUT_180,0.06332969705814454
Bacteria,Pseudomonadota,Gammaproteobacteria,Enterobacterales,Enterobacteriaceae,Cedecea,Cedecea_davisae,NCTC13724,0.015885448295462918
Bacteria,Pseudomonadota,Gammaproteobacteria,Enterobacterales,Morganellaceae,Moellerella,Moellerella_wisconsensis,NCTC12132,0.07957271772462908
Bacteria,Pseudomonadota,Alphaproteobacteria,Hyphomicrobiales,Stappiaceae,Roseibium,Roseibium_salinum,CECT_8816,0.5293240766483909
Bacteria,Cyanobacteriota,Cyanophyceae,Chroococcidiopsidales,Aliterellaceae,Aliterella,Aliterella_atlantica,CENA595,0.8941326681435322
Bacteria,Actinomycetota,Actinomycetes,Micrococcales,Micrococcaceae,Psychromicrobium,Psychromicrobium_silvestre,DSM_102047,0.12211422009644526
Bacteria,Actinomycetota,Actinomycetes,Propionibacteriales,Propionibacteriaceae,Microlunatus,Microlunatus_endophyticus,CGMCC_47306,0.23793929629598518
Bacteria,Actinomycetota,Actinomycetes,Micrococcales,Dermabacteraceae,Brachybacterium,Brachybacterium_sacelli,JCM_12139,0.20414343226348974
Bacteria,Pseudomonadota,Alphaproteobacteria,Hyphomicrobiales,Nitrobacteraceae,Bradyrhizobium,Bradyrhizobium_macuxiense,BR_10303,3.980432162067356
Bacteria,Bacillota,Bacilli,Caryophanales,Paenibacillaceae,Paenibacillus,Paenibacillus_psychroresistens,ML311-T8,0.16001483946542933
Bacteria,Bacillota,Bacilli,Caryophanales,Bacillaceae,Gracilibacillus,Gracilibacillus_dipsosauri,DD1,4.310893336128053
Bacteria,Cyanobacteriota,Cyanophyceae,Oscillatoriales,Oscillatoriaceae,Phormidium,Phormidium_nigroviride,PCC_7112,0.17809098656997097
Bacteria,Pseudomonadota,Betaproteobacteria,Burkholderiales,Oxalobacteraceae,Herminiimonas,Herminiimonas_arsenitoxidans,AS8,0.25423021122099965
Bacteria,Mycoplasmatota,Mollicutes,Acholeplasmatales,Acholeplasmataceae,Candidatus_Phytoplasma,Candidatus_Phytoplasma_citri,BAWM-OMN-WBDL,0.01435615194023501
Bacteria,Bacillota,Bacilli,Caryophanales,Paenibacillaceae,Paenibacillus,Paenibacillus_sinopodophylli,CCTCC_AB_2016047,0.08176605042425927
Bacteria,Pseudomonadota,Alphaproteobacteria,Hyphomicrobiales,Afifellaceae,Faunimonas,Faunimonas_pinastri,A52C2,0.4571030051671253
Bacteria,Pseudomonadota,Gammaproteobacteria,Enterobacterales,Erwiniaceae,Pantoea,Candidatus_Pantoea_deserta,RIT388,0.012967352686918105
Bacteria,Actinomycetota,Actinomycetes,Actinomycetales,Actinomycetaceae,Arcanobacterium,Arcanobacterium_urinimassiliense,Marseille-P3248,0.03227079062159844
Bacteria,Actinomycetota,Actinomycetes,Propionibacteriales,Propionibacteriaceae,Vaginimicrobium,Vaginimicrobium_propionicum,Marseille-P3275,0.0928628219096719
Bacteria,Cyanobacteriota,Cyanophyceae,Synechococcales,Synechococcaceae,Synechococcus,Synechococcus_lacustris,Tous,0.17790489662035378
Bacteria,Actinomycetota,Actinomycetes,Micrococcales,Sanguibacteraceae,Sanguibacter,Sanguibacter_massiliensis,Marseille-P3815,0.012491802109911321
Bacteria,Pseudomonadota,Gammaproteobacteria,Enterobacterales,Erwiniaceae,Buchnera,Buchnera_aphidicola,Sg_ex_Schizaphis_graminum,0.5917733307280049
Bacteria,Pseudomonadota,Alphaproteobacteria,Hyphomicrobiales,Nitrobacteraceae,Rhodopseudomonas,Rhodopseudomonas_julia,DSM_11549,0.062446798631909106
Bacteria,Pseudomonadota,Gammaproteobacteria,Thiotrichales,Francisellaceae,Francisella,Francisella_opportunistica,PA05-1188,0.39462430404396864
Bacteria,Pseudomonadota,Alphaproteobacteria,Hyphomicrobiales,Rhizobiaceae,Arminella,Arminella_tumorigenes,1078,1.1909721532891862
Bacteria,Pseudomonadota,Betaproteobacteria,Burkholderiales,Burkholderiaceae,Paraburkholderia,Paraburkholderia_bonniea,BbQS859,0.49126430474294913
Bacteria,Bacillota,Bacilli,Caryophanales,Bacillaceae,Ornithinibacillus,Ornithinibacillus_gellani,LJ137,0.11587835467496894
Bacteria,Cyanobacteriota,Cyanophyceae,Nostocales,Tolypothrichaceae,Tolypothrix,Tolypothrix_tenuis,NIES-37,2.2940924362861965
Bacteria,Myxococcota,Myxococcia,Myxococcales,Myxococcaceae,Corallococcus,Corallococcus_terminator,CA054A,0.14712929478193965
Bacteria,Actinomycetota,Actinomycetes,Actinomycetales,Actinomycetaceae,Actinomyces,Actinomyces_lilanjuaniae,2129,0.34992818114602425
Bacteria,Cyanobacteriota,Cyanophyceae,Nostocales,Calotrichaceae,Dulcicalothrix,Dulcicalothrix_desertica,PCC_7102,1.1999629135988283
Bacteria,Chloroflexota,Ktedonobacteria,Ktedonobacterales,Ktedonosporobacteraceae,Ktedonosporobacter,Ktedonosporobacter_rubrisoli,SCAWS-G2,0.27458908601636917
Bacteria,Planctomycetota,Planctomycetia,Pirellulales,Lacipirellulaceae,Aeoliella,Aeoliella_mucimassa,Pan181,0.06694369277718322
Bacteria,Spirochaetota,Spirochaetia,Brachyspirales,Brachyspiraceae,Brachyspira,Brachyspira_catarrhinii,Z12,0.4441839556538793
Bacteria,Pseudomonadota,Alphaproteobacteria,Hyphomicrobiales,Rhizobiaceae,Rhizobium,Rhizobium_deserti,SPY-1,0.33637646364815643
Archaea,Nanobdellota,Nanobdellia,Nanobdellales,Nanobdellaceae,Nanobdella,Nanobdella_aerobiophila,MJ1,0.16566001764714736
Bacteria,Planctomycetota,Planctomycetia,Pirellulales,Pirellulaceae,Roseiconus,Roseiconus_nitratireducens,JC645,0.0022217663039521035
Bacteria,Bacteroidota,Cytophagia,Cytophagales,Hymenobacteraceae,Hymenobacter,Hymenobacter_baengnokdamensis,BRD72,5.990131471085135
Bacteria,Actinomycetota,Actinomycetes,Kitasatosporales,Streptomycetaceae,Streptomyces,Streptomyces_lycii,TRM_66187,0.0761863885523881
Bacteria,Actinomycetota,Actinomycetes,Mycobacteriales,unclassified_Mycobacteriales_family,Fodinicola,Fodinicola_acaciae,GKU_173,0.24317550340544025
Bacteria,Pseudomonadota,Alphaproteobacteria,Hyphomicrobiales,Nitrobacteraceae,Bradyrhizobium,Bradyrhizobium_acaciae,10BB,0.6043412163847638
Bacteria,Bacillota,Bacilli,Lactobacillales,Streptococcaceae,Streptococcus,Streptococcus_ruminicola,CNU_G2,0.06921990457056994
Bacteria,Aquificota,Aquificia,Aquificales,Aquificaceae,Aquifex,Aquifex_pyrophilus,JCM_9492,0.05858069796215794
Bacteria,Verrucomicrobiota,Verrucomicrobiia,Verrucomicrobiales,Verrucomicrobiaceae,Luteolibacter,Luteolibacter_luteus,G-1-1-1,0.08214069345506855
Bacteria,Actinomycetota,Actinomycetes,Bifidobacteriales,Bifidobacteriaceae,Gardnerella,Gardnerella_coleohominis,KA00225,0.20053270088865355
Bacteria,Bacillota,Bacilli,Lactobacillales,Streptococcaceae,Pseudolactococcus,Pseudolactococcus_paracarnosus,TMW_21615,0.5045532309929287
Bacteria,Bacillota,Bacilli,Caryophanales,Listeriaceae,Brochothrix,Brochothrix_campestris,DSM_4712,0.1322966747666547
Bacteria,Mycoplasmatota,Mollicutes,Acholeplasmatales,Acholeplasmataceae,Candidatus_Phytoplasma,Candidatus_Phytoplasma_asiaticum,PR34,0.15631355501785738
Bacteria,Cyanobacteriota,Cyanophyceae,Nostocales,Nostocaceae,Nostoc,Nostoc_favosum,CHAB_5714,5.927906961724117
Bacteria,Cyanobacteriota,Cyanophyceae,Nostocales,Nostocaceae,Nostoc,Nostoc_mirabile,CHAB_5784,0.8101754253375534
Bacteria,Myxococcota,Myxococcia,Myxococcales,Myxococcaceae,Pyxidicoccus,Pyxidicoccus_parkwayensis,SCPEA02,0.12240038884141877
Bacteria,Actinomycetota,Actinomycetes,Micrococcales,Ornithinimicrobiaceae,Ornithinimicrobium,Ornithinimicrobium_kibberense,JCM_12763,0.024444809302703326
Bacteria,Bacteroidota,Sphingobacteriia,Sphingobacteriales,Sphingobacteriaceae,Rhinopithecimicrobium,Rhinopithecimicrobium_faecis,WQ_2009,0.1407803177363891
Bacteria,Pseudomonadota,Alphaproteobacteria,Hyphomicrobiales,Nitrobacteraceae,Bradyrhizobium,Bradyrhizobium_semiaridum,WSM_1704,2.9178317638552667
Bacteria,Bacillota,Bacilli,Lactobacillales,Lactobacillaceae,Apilactobacillus,Apilactobacillus_zhangqiuensis,F502-1,0.304719382634669
Bacteria,Pseudomonadota,Gammaproteobacteria,Enterobacterales,Erwiniaceae,Erwinia,Erwinia_phyllosphaerae,CMYE1,0.02525127795905407
Bacteria,Bacillota,Clostridia,Eubacteriales,Clostridiaceae,Crassaminicella,Crassaminicella_indica,143-21,0.6305400849781249
Bacteria,Pseudomonadota,Alphaproteobacteria,Hyphomicrobiales,Stappiaceae,Roseibium,Roseibium_algicola,RMAR6-6,2.0210208001859797
Bacteria,Bacteroidota,Flavobacteriia,Flavobacteriales,Flavobacteriaceae,Flavobacterium,Flavobacterium_agricola,CC-SYL302,0.45474288832814136
Bacteria,Actinomycetota,Actinomycetes,Kitasatosporales,Streptomycetaceae,Streptomyces,Streptomyces_nitrosporeus,JCM_4598,0.38884576399435566
Bacteria,Actinomycetota,Actinomycetes,Bifidobacteriales,Bifidobacteriaceae,Bombiscardovia,Bombiscardovia_apis,KimH,0.09456038977454036
Bacteria,Pseudomonadota,Alphaproteobacteria,Hyphomicrobiales,Stappiaceae,Roseibium,Roseibium_sediminicola,CAU_1639,2.718593334233346
Bacteria,Pseudomonadota,Gammaproteobacteria,Enterobacterales,Erwiniaceae,Pantoea,Pantoea_leporis,R,5.282981563652403
Bacteria,Spirochaetota,Spirochaetia,Brachyspirales,Brachyspiraceae,Brachyspira,Brachyspira_aalborgi,513A,0.1075488041339494
Bacteria,Mycoplasmatota,Mollicutes,Mycoplasmatales,Mycoplasmataceae,Mycoplasma,Mycoplasma_bradburyae,T158,0.1590542879049815
Bacteria,Actinomycetota,Actinomycetes,Kitasatosporales,Streptomycetaceae,Streptomyces,Streptomyces_daliensis,DSM_42095,0.1515374619945049
Bacteria,Actinomycetota,Actinomycetes,Kitasatosporales,Streptomycetaceae,Streptomyces,Streptomyces_glycanivorans,Alt3,2.1331330176525
Bacteria,Pseudomonadota,Betaproteobacteria,Nitrosomonadales,Nitrosomonadaceae,Nitrosomonas,Nitrosomonas_domestica,wSCUT-1,0.24043520238418978
Bacteria,Bacillota,Bacilli,Lactobacillales,Streptococcaceae,Streptococcus,Streptococcus_parasalivarius,778-2,0.7484504204637323
Bacteria,Actinomycetota,Coriobacteriia,Coriobacteriales,Atopobiaceae,Olsenella,Olsenella_kribbiana,YH-ols2221,0.10369094867774464
Bacteria,Cyanobacteriota,Cyanophyceae,Nostocales,Aphanizomenonaceae,Okeanomitos,Okeanomitos_corallinicola,TIOX110,1.0402256803296979
Bacteria,Bacteroidota,Bacteroidia,Bacteroidales,Porphyromonadaceae,Porphyromonas,Porphyromonas_miyakawae,13CB11C,0.4786852591879361
Bacteria,Bacillota,Bacilli,Lactobacillales,Streptococcaceae,Streptococcus,Streptococcus_nidrosiense,SO-23-1,0.13640145936953552
Bacteria,Pseudomonadota,Gammaproteobacteria,Oceanospirillales,Halomonadaceae,Carnimonas,Carnimonas_bestiolae,LMG_33810,0.31075538576441547
Archaea,Thermoproteota,Thermoprotei,Desulfurococcales,Desulfurococcaceae,Thermosphaera,Thermosphaera_chiliense,3507,0.016809158016061296
Bacteria,Aquificota,Aquificia,Aquificales,Aquificaceae,Hydrogenobaculum,Hydrogenobaculum_acidophilum,JCM_8795,0.03131151072150654
Bacteria,Synergistota,Synergistia,Synergistales,Aminiphilaceae,Aminirod,Aminirod_propionatiphilus,L-13,0.1328661902028195
Bacteria,Actinomycetota,Actinomycetes,Acidothermales,Acidothermaceae,Acidothermus,Acidothermus_cellulolyticus,11B;_ATCC_43068,0.2124499412311776
Bacteria,Bacillota,Bacilli,Caryophanales,Bacillaceae,Terribacillus,Terribacillus_saccharophilus,DSM_18252,0.6040472248893981
Bacteria,Bacillota,Clostridia,Lachnospirales,Lachnospiraceae,Tyzzerella,Clostridium_colinum,DSM_6011,0.35160340940240664
Bacteria,Cyanobacteriota,Cyanophyceae,Nostocales,Hapalosiphonaceae,Mastigocoleus,Mastigocoleus_testarum,BC008,5.068938719309673
Bacteria,Chlorobiota,Chlorobiia,Chlorobiales,Chlorobiaceae,Chlorobium,Chlorobium_ferrooxidans,DSM_13031,0.0360637778178626
Bacteria,Pseudomonadota,Alphaproteobacteria,Hyphomicrobiales,Stappiaceae,Roseibium,Roseibium_aggregatum,IAM_12614,1.787355955608883
Bacteria,Pseudomonadota,Alphaproteobacteria,Sphingomonadales,Sphingomonadaceae,Sphingomonas,Sphingomonas_sediminicola,DSM_18106,0.38977570708197423
Bacteria,Aquificota,Aquificia,Aquificales,Hydrogenothermaceae,Venenivibrio,Venenivibrio_stagnispumantis,DSM_18763,0.07902520334760627
Bacteria,Actinomycetota,Rubrobacteria,Rubrobacterales,Rubrobacteraceae,Rubrobacter,Rubrobacter_radiotolerans,ATCC_51242,0.27013436671233915
Bacteria,Bacillota,Erysipelotrichia,Erysipelotrichales,Erysipelotrichaceae,Amedibacillus,Amedibacillus_dolichus,DSM_3991,0.5215881913904887
Bacteria,Pseudomonadota,Alphaproteobacteria,Rickettsiales,Rickettsiaceae,Rickettsia,Rickettsia_hoogstraalii,Croatica,0.10106988564182173
Bacteria,Actinomycetota,Coriobacteriia,Eggerthellales,Eggerthellaceae,Cryptobacterium,Cryptobacterium_curtum,DSM_15641,1.9194758099113727
Bacteria,Cyanobacteriota,Cyanophyceae,Coleofasciculales,Coleofasciculaceae,Moorena,Moorena_producens,3L,0.23851737080314403
Bacteria,Pseudomonadota,Alphaproteobacteria,Hyphomicrobiales,Nitrobacteraceae,Afipia,Afipia_carboxidovorans,OM5,0.4912534205216167
Bacteria,Synergistota,Synergistia,Synergistales,Synergistaceae,Thermanaerovibrio,Thermanaerovibrio_acidaminovorans,DSM_6589,0.010869005025523114
Bacteria,Pseudomonadota,Alphaproteobacteria,Hyphomicrobiales,Rhizobiaceae,Shinella,Shinella_fusca,CCUG_55808,0.7083472651715158
Archaea,Methanobacteriota,Archaeoglobi,Archaeoglobales,Archaeoglobaceae,Archaeoglobus,Archaeoglobus_profundus,DSM_5631,2.244819276567907
Archaea,Methanobacteriota,Archaeoglobi,Archaeoglobales,Archaeoglobaceae,Ferroglobus,Ferroglobus_placidus,DSM_10642,0.21428357184432373
Bacteria,Pseudomonadota,Alphaproteobacteria,Rhodospirillales,Dongiaceae,Dongia,Dongia_soli,D78,0.029478267139954776
Bacteria,Pseudomonadota,Gammaproteobacteria,Chromatiales,Chromatiaceae,Chromatium,Chromatium_okenii,DSM_169,0.2322211243813814
Bacteria,Rhodothermota,Rhodothermia,Rhodothermales,Rhodothermaceae,Rhodothermus,Rhodothermus_profundi,DSM_22212,0.15783061236209914
Bacteria,Cyanobacteriota,Cyanophyceae,Nostocales,Nostocaceae,Nostoc,Nostoc_punctiforme,ATCC_29133;_PCC_73102,3.1871357374640095
Bacteria,Pseudomonadota,Betaproteobacteria,Neisseriales,Neisseriaceae,Neisseria,Neisseria_zalophi,ATCC_BAA-2455,0.12765735059080097
Archaea,Methanobacteriota,Halobacteria,Halobacteriales,Haloferacaceae,Halogranum,Halogranum_gelatinilyticum,CGMCC_110119,0.18044967064352485
Bacteria,Actinomycetota,Actinomycetes,Kitasatosporales,Streptomycetaceae,Streptomyces,Streptomyces_atroolivaceus,NRRL_ISP-5137,0.27438593503628467
Bacteria,Bacteroidota,Cytophagia,Cytophagales,Hymenobacteraceae,Adhaeribacter,Adhaeribacter_aerolatus,NBRC_106133,0.2298876077241107
Bacteria,Actinomycetota,Actinomycetes,Kitasatosporales,Streptomycetaceae,Streptomyces,Streptomyces_amakusaensis,JCM_4167,0.0012127828844673593
Bacteria,Actinomycetota,Actinomycetes,Kitasatosporales,Streptomycetaceae,Streptomyces,Streptomyces_narbonensis,JCM_4147,0.5643497827007217
Bacteria,Actinomycetota,Actinomycetes,Kitasatosporales,Streptomycetaceae,Streptomyces,Streptomyces_clavifer,DSM_40843,4.083718405169098
Bacteria,Bacteroidota,Flavobacteriia,Flavobacteriales,Weeksellaceae,Algoriella,Algoriella_xinjiangensis,XJ109,0.14666770029862036
Bacteria,Planctomycetota,Planctomycetia,Gemmatales,Gemmataceae,Tuwongella,Tuwongella_immobilis,MBLW1,0.0662958186186185
Bacteria,Pseudomonadota,Gammaproteobacteria,Pasteurellales,Pasteurellaceae,Actinobacillus,Actinobacillus_lignieresii,NCTC4189,0.13057280163630294
Bacteria,Pseudomonadota,Alphaproteobacteria,Hyphomicrobiales,Nitrobacteraceae,Bradyrhizobium,Bradyrhizobium_commune,BDV5040,0.8888605137543032
Bacteria,Actinomycetota,Actinomycetes,Micrococcales,Micrococcaceae,Rothia,Rothia_nasimurium,CCUG_35957,0.2615394504901818
Bacteria,Bacillota,Bacilli,Caryophanales,Bacillaceae,Amphibacillus,Amphibacillus_marinus,CGMCC_110434,0.057929356621462945
Bacteria,Mycoplasmatota,unclassified_Mycoplasmatota_class,Mycoplasmoidales,Metamycoplasmataceae,Metamycoplasma,Mycoplasma_falconis,ATCC_51372,0.1495453268543742
Bacteria,Pseudomonadota,Gammaproteobacteria,Enterobacterales,Erwiniaceae,Pantoea,Pantoea_endophytica,596,0.3571562685619481
Bacteria,Bacteroidota,Cytophagia,Cytophagales,Catalimonadaceae,Tunicatimonas,Tunicatimonas_pelagia,NBRC_107804,0.004985113013554695
Bacteria,Bacillota,Bacilli,Lactobacillales,Lactobacillaceae,Companilactobacillus,Companilactobacillus_farciminis,DSM_20184,0.20601734936880686
Archaea,Thermoproteota,Thermoprotei,Desulfurococcales,Desulfurococcaceae,Ignicoccus,Ignicoccus_pacificus,DSM_13166,0.05476590678519248
Archaea,Thermoproteota,Thermoprotei,Desulfurococcales,Desulfurococcaceae,Ignicoccus,Ignicoccus_islandicus,DSM_13165,0.2390465887449802
Bacteria,Mycoplasmatota,Mollicutes,Mycoplasmatales,Mycoplasmataceae,Mycoplasma,Mycoplasma_haemofelis,Langford_1,0.3428658124858018
Bacteria,Bacillota,Clostridia,Halanaerobiales,Halobacteroidaceae,Fuchsiella,Fuchsiella_alkaliacetigena,Z-7100,0.27888418151085925
Bacteria,Bacteroidota,Bacteroidia,Bacteroidales,Rikenellaceae,Acetobacteroides,Acetobacteroides_hydrogenigenes,RL-C,0.004074208001538839
Bacteria,Cyanobacteriota,Cyanophyceae,Nostocales,Calotrichaceae,Brunnivagina,Brunnivagina_elsteri,CCALA_953,1.9662276748088712
